Date;Open;High;Low;Close
01/01/23;16547,9144;16630,439;1652,123343;16625,08055
02/01/23;16625,51039;16759,34402;16572,22885;16688,47136
03/01/23;16688,84726;16760,44747;16622,37033;16679,85708
04/01/23;16680,20497;16964,58519;16667,76373;16863,23826
05/01/23;16863,47206;16884,02212;16790,28304;16836,73665
06/01/23;16836,47344;16991,99412;16716,42227;16951,96952
07/01/23;16952,11698;1697,501662;16914,19208;16955,07744
08/01/23;16954,14573;17091,14445;16924,05007;17091,14445
09/01/23;17093,9925;17389,95755;17093,9925;17196,55406
10/01/23;17192,95009;17484,72089;1716,299117;1744,629251
11/01/23;17446,36027;17987,63355;17337,995;17943,89763
12/01/23;17944,06873;19030,08764;17919,23171;18869,58806
13/01/23;18868,90594;19964,32273;18753,16426;19909,57462
14/01/23;19910,53666;21075,14183;19907,82846;20976,2998
15/01/23;2097,74842;20993,7487;20606,98724;20880,7992
16/01/23;20882,22388;21360,87428;20715,74621;21169,63278
17/01/23;21175,83326;21438,65936;20978,53362;21161,51922
18/01/23;21161,0509;21564,50221;2054,154455;20688,78073
19/01/23;20686,74591;21163,01229;20685,38118;21086,7933
20/01/23;21085,37234;22692,35783;20919,12598;22676,55176
21/01/23;22677,42738;23282,34772;22511,83313;22777,62581
22/01/23;22777,98666;23056,72965;22387,90046;22720,41563
23/01/23;22721,08867;23126,48635;22654,30447;22934,43146
24/01/23;22929,62774;23134,01205;2254,974451;22636,46931
25/01/23;22639,26717;23722,09881;22406,0755;23117,85968
26/01/23;23108,95449;23237,07717;22911,37335;23032,7776
27/01/23;23030,71729;23417,72097;22654,59341;23078,72788
28/01/23;23079,96433;23165,89588;2290,884646;23031,08978
29/01/23;23031,44924;23919,88976;22985,07013;23774,56592
30/01/23;23774,64897;23789,34718;22657,58217;228,4013891
31/01/23;22840,79609;23225,0214;22765,5685;23139,28391
01/02/23;23137,83514;23764,53929;22877,75065;23723,76965
02/02/23;23720,82352;2416,721023;23468,59528;23471,87044
03/02/23;234,6941251;23678,10258;23279,95574;23449,32162
04/02/23;23446,32073;23556,94881;23291,79566;23331,84714
05/02/23;23332,2476;23423,43561;22841,76031;22955,66602
06/02/23;22954,02196;23119,27995;22692,02598;22760,10926
07/02/23;22757,26754;2331,097507;22756,25828;23264,29119
08/02/23;23263,41513;23367,95929;2273,109821;22939,3987
09/02/23;22946,56552;22996,43751;21773,97461;21819,03991
10/02/23;21819,00642;2194,11856;21539,39283;21651,18378
11/02/23;21651,84186;21891,41056;21618,44973;21870,87406
12/02/23;21870,9025;22060,99461;21682,82877;21788,20399
13/02/23;21786,99926;21898,41384;21460,0885;21808,10177
14/02/23;21801,82315;22293,14009;21632,39398;22220,80414
15/02/23;22220,58534;24307,84133;22082,76908;24307,84133
16/02/23;24307,3502;25134,11735;2360,25225;23623,47448
17/02/23;23621,28249;24924,04006;23460,75603;24565,60199
18/02/23;24565,296;24798,83557;24468,37363;24641,27695
19/02/23;24640,02722;25093,05515;24327,64167;24327,64167
20/02/23;24336,62334;25020,45951;23927,90925;24829,14757
21/02/23;24833,04891;2512,685169;24200,36412;2443,635448
22/02/23;24437,41848;24472,33976;23644,31772;24188,84298
23/02/23;24190,71898;24572,08942;23693,91949;2394,749252
24/02/23;23946,00786;24103,70448;2300,707133;23198,12749
25/02/23;23200,12585;23210,21107;22861,55866;23175,37564
26/02/23;23174,15077;23654,36737;23084,22164;23561,21291
27/02/23;23561,45068;23857,89113;23205,87925;2352,287191
28/02/23;23521,83882;23585,38407;23077,65037;23147,35339
01/03/23;23150,92996;23880,63246;23088,6267;2364,65499
02/03/23;23647,01947;23739,13808;23245,02143;23475,46674
03/03/23;23476,63373;23479,34809;22213,23759;22362,67933
04/03/23;22362,92303;22405,17695;22198,98101;22353,35007
05/03/23;22354,1436;2261,368523;22307,14331;22435,5142
06/03/23;22436,81678;22584,29381;22331,31483;22429,75753
07/03/23;22428,32239;22527,41864;22011,2625;22219,76907
08/03/23;22216,44232;22268,89625;21708,05051;21718,07983
09/03/23;21720,07932;21802,71668;20210,30675;20363,02111
10/03/23;20367,00178;2037,05954;19628,25431;20187,24365
11/03/23;20187,87707;20792,52569;20068,66031;20632,40963
12/03/23;20628,02903;22185,03111;20448,80626;2216,394995
13/03/23;22156,40668;24550,83749;219,1819993;24197,533
14/03/23;24201,76601;26514,71717;24081,18265;24746,07466
15/03/23;2477,092567;25240,61582;2396,490985;24375,96136
16/03/23;24373,45662;25190,32698;24225,11096;2505,278972
17/03/23;250,5512322;27787,81223;24955,16906;27423,93063
18/03/23;27448,11727;27725,95342;26636,26095;26965,87976
19/03/23;26969,50379;28440,56122;26907,71627;28038,67495
20/03/23;28041,60192;28527,72422;27242,8807;27767,23633
21/03/23;27768,39203;28439,56159;27439,64709;28175,81684
22/03/23;28158,71999;28803,33592;26759,99623;27307,43677
23/03/23;27301,95749;28729,84347;27183,36374;28333,97271
24/03/23;28324,1117;28388,43775;27039,26543;27493,28514
25/03/23;27487,33774;277,918256;27196,23383;27494,70688
26/03/23;2749,552396;28178,14444;27445,04635;27994,32951
27/03/23;27994,06792;28037,92586;26606,689;27139,88853
28/03/23;27132,88892;27460,71946;26677,81873;27268,13148
29/03/23;27267,03217;28619,54339;27259,66118;2834,844234
30/03/23;2835,014149;29159,90262;27720,15934;28033,56315
31/03/23;28032,26227;28639,89608;27583,71526;28478,48461
01/04/23;28473,3318;28802,45748;28297,1725;28411,03424
02/04/23;28462,8448;28518,95841;27884,08709;28199,30838
03/04/23;28183,08036;28475,62251;27276,71995;27790,22085
04/04/23;27795,27432;28433,74298;27681,30506;28168,08982
05/04/23;2816,972695;28739,23811;27843,7645;28177,98356
06/04/23;28175,22708;28178,38431;2773,875936;28044,13975
07/04/23;28038,96697;28111,59328;27794,03183;27925,85941
08/04/23;27920,51278;28159,86278;2788,338655;27947,79455
09/04/23;27952,36762;28532,82997;27828,48141;28333,05005
10/04/23;28336,02824;297,7146393;28189,27077;29652,9801
11/04/23;2965,367965;30509,08367;29609,30137;30235,05894
12/04/23;30231,58162;3046,248094;29725,57335;3013,905287
13/04/23;29892,73946;30539,84648;29878,62216;30399,06639
14/04/23;30409,56169;31005,60804;3004,449751;30485,70003
15/04/23;30490,74927;30601,74016;3024,588194;30318,49695
16/04/23;30315,97642;30555,53763;30157,83233;30315,35546
17/04/23;30317,1457;30319,19658;29275,37106;29445,0449
18/04/23;29449,0917;30470,30201;29154,84937;30397,55274
19/04/23;30394,1879;30411,05379;28669,89827;28822,68047
20/04/23;28823,68286;29076,40105;28037,25726;28245,98731
21/04/23;28249,23127;28349,96786;27177,3653;27276,90969
22/04/23;27265,89502;27872,14317;27169,57112;27817,50092
23/04/23;27816,14479;27820,24449;27400,31374;27591,38463
24/04/23;27591,72952;27979,9819;27070,8495;27525,3395
25/04/23;27514,87239;28371,0777;27207,93256;28307,59809
26/04/23;28300,05927;29995,83849;27324,54901;28422,70088
27/04/23;28428,46428;29871,54635;28402,88739;29473,78618
28/04/23;29481,01354;29572,79169;28929,60854;2934,02625
29/04/23;29336,56704;29452,45524;29088,04234;29248,48837
30/04/23;29245,51551;29952,02855;29114,02124;29268,80704
01/05/23;29227,10398;29329,93622;27680,79264;28091,5688
02/05/23;2808,717497;28881,29838;27924,12367;28680,53697
03/05/23;2868,049441;29259,53329;28178,38925;29006,30767
04/05/23;29031,30445;29353,18466;28694,03902;28847,71159
05/05/23;28851,47966;29668,90768;28845,51053;2953,438402
06/05/23;2953,8859;29820,12662;28468,96741;28904,62395
07/05/23;28901,62282;29157,51819;28441,36804;28454,97829
08/05/23;28450,45748;28663,27233;27310,13561;27694,2729
09/05/23;27695,06807;27821,40061;27375,60069;2765,877467
10/05/23;27654,63678;28322,68833;26883,66988;27621,75623
11/05/23;27621,08687;27621,94199;26781,827;27000,78827
12/05/23;26987,66251;27055,64723;2587,842883;26804,99067
13/05/23;26807,76904;27030,48296;26710,8738;26784,07856
14/05/23;26788,97429;27150,97679;26661,3549;26930,63785
15/05/23;26931,38463;27646,34812;26766,09692;27192,69322
16/05/23;27171,51458;27299,30481;26878,94797;2703,665071
17/05/23;27035,47013;27465,9279;2660,014484;27398,80203
18/05/23;2740,165021;27466,52759;26415,10148;2683,22093
19/05/23;26826,75479;27128,61884;26700,21014;26890,12824
20/05/23;26888,84139;27155,15903;26843,27738;27129,58626
21/05/23;27118,42323;2726,591799;26706,92135;26753,82564
22/05/23;26749,89321;27045,73509;26549,73479;26851,27763
23/05/23;26855,96068;27434,68433;26816,17972;27225,72659
24/05/23;27224,6037;27224,6037;2610,657662;26334,81821
25/05/23;26329,46151;26591,51918;25890,59448;26476,20753
26/05/23;26474,18247;2691,666991;26343,94916;26719,29098
27/05/23;26720,18251;2688,888337;26621,14141;26868,35382
28/05/23;268,7115878;2819,344853;26802,75173;28085,64736
29/05/23;28075,59214;28432,03872;27563,87721;2774,588444
30/05/23;27745,1236;28044,7598;27588,50277;27702,34877
31/05/23;27700,53009;27831,6778;26866,45394;27219,65861
01/06/23;27218,41238;27346,10548;26671,72116;26819,97322
02/06/23;26824,55698;27303,86169;26574,64442;27249,58895
03/06/23;2725,232333;27317,05185;26958,00374;27075,1294
04/06/23;27075,12207;27407,01857;26968,22414;27119,06719
05/06/23;27123,10996;27129,98258;25445,16751;25760,097
06/06/23;25732,10886;27313,82068;25434,86713;27238,78373
07/06/23;27235,64952;27332,18096;26146,98887;26345,99885
08/06/23;26347,65345;26797,51279;26246,66376;26508,2159
09/06/23;26505,92401;26770,28912;26339,31522;26480,37509
10/06/23;26481,76254;26531,04516;25501,83624;25851,241
11/06/23;25854,03192;26203,43981;25668,98561;25940,16808
12/06/23;25934,2856;26087,91907;25675,19759;2590,249987
13/06/23;25902,94091;26376,35207;25728,36557;25918,7284
14/06/23;25920,25809;26041,80011;24902,1527;25124,67668
15/06/23;2512,167395;25735,30854;24797,16785;25576,39401
16/06/23;25575,2826;26463,17306;25245,35768;26327,46239
17/06/23;26328,67944;26769,3945;26174,49165;26510,67645
18/06/23;26510,45761;2667,592553;26325,89018;2633,6213
19/06/23;26335,44237;26984,61153;26312,83181;26851,02855
20/06/23;26841,66353;28388,96842;26668,7917;28327,48826
21/06/23;28311,31096;30737,32922;28283,41078;3002,729645
22/06/23;29995,93577;30495,99845;29679,1574;2991,228171
23/06/23;29896,38342;31389,53813;29845,21451;30695,46941
24/06/23;3070,873845;30804,14937;30290,14648;30548,69482
25/06/23;30545,15023;31041,27207;30327,94278;30480,26161
26/06/23;3048,052397;30636,02943;29955,74329;30271,13102
27/06/23;30274,32119;31006,78658;30236,65129;3068,816385
28/06/23;30696,56149;30703,27998;29921,82283;30086,24619
29/06/23;30086,18672;30796,25024;30057,20302;30445,35123
30/06/23;30441,35376;31256,8627;29600,27594;30477,25128
01/07/23;30471,84756;30641,28932;30328,86475;30590,07907
02/07/23;30587,26996;30766,13975;3026,401871;30620,77026
03/07/23;30624,51631;31375,61325;30586,51343;31156,43949
04/07/23;31156,86492;31325,19817;30659,35589;30777,58151
05/07/23;30778,72536;30877,32925;3022,56127;305,1416639
06/07/23;30507,15111;3146,005361;29892,22603;29909,33776
07/07/23;29907,9989;30434,64369;29777,28441;30342,26475
08/07/23;30346,92165;3037,443653;30080,15961;3029,254117
09/07/23;30291,61053;30427,59066;30085,59219;30171,23357
10/07/23;30172,42296;31026,0838;29985,3947;30414,47152
11/07/23;30417,63362;30788,31462;30358,09774;30620,95094
12/07/23;30622,24695;30959,96556;30228,83522;30391,64614
13/07/23;30387,4892;31814,51481;30268,35249;31476,04939
14/07/23;31474,72136;31582,25483;29966,38714;30334,06901
15/07/23;30331,78228;30407,78111;30263,46342;3029,580748
16/07/23;30297,47211;30437,56073;300,8967038;30249,13281
17/07/23;3024,962662;30,33640013;29685,78269;30145,88963
18/07/23;30147,07086;30233,65535;2955,642837;29856,56322
19/07/23;298,6204721;30184,18115;29794,26886;29913,9232
20/07/23;29915,25033;30195,53104;2963,809667;29792,01638
21/07/23;29805,11153;30045,99751;29733,851;2990,87439
22/07/23;29908,69699;29991,61596;29664,12095;29771,80283
23/07/23;29790,11165;30330,64039;29741,52731;30084,53924
24/07/23;30081,66164;30093,39425;28934,29416;29176,91548
25/07/23;29178,97004;2935,31611;29062,43429;2922,73908
26/07/23;29225,76012;29675,55262;29113,91132;29354,97288
27/07/23;29353,79883;29560,96626;29099,35225;29210,68928
28/07/23;29212,1643;29521,51433;29125,84559;29319,2454
29/07/23;29319,44604;29396,84375;29264,16627;29356,91854
30/07/23;29357,09364;2944,316949;29059,50263;2927,530795
31/07/23;29278,31405;29489,87287;29131,57903;2923,011088
01/08/23;29230,8724;29675,7325;28657,02382;29675,7325
02/08/23;29704,14684;29987,99711;289,4651038;29151,95969
03/08/23;29161,81195;29375,70703;28959,48821;2917,867878
04/08/23;29174,38184;29302,07822;2888,53354;29074,09173
05/08/23;29075,38896;29102,46565;28957,79762;29042,12615
06/08/23;29043,70198;29160,82154;28963,83469;29041,85617
07/08/23;29038,51285;29244,28086;28724,14053;29180,57892
08/08/23;29180,01886;30176,79624;29113,81446;29765,49267
09/08/23;2976,66956;30093,43519;29376,80055;29561,49451
10/08/23;29563,97184;29688,56482;29354,44644;29429,59249
11/08/23;2942,490257;29517,77367;29253,51799;29397,7155
12/08/23;29399,78665;29465,11378;29357,58798;29415,96452
13/08/23;29416,5936;29441,43339;29265,8076;29282,91438
14/08/23;2928,326294;29660,25434;29124,10555;29408,44255
15/08/23;2940,804859;29439,12042;29088,85328;29170,34721
16/08/23;29169,07402;29221,97574;28701,77952;28701,77952
17/08/23;28699,80284;28745,94653;25409,1116;26664,54999
18/08/23;26636,0784;26808,19578;25668,92282;26049,5569
19/08/23;26047,83298;26249,44838;25802,40789;26096,20455
20/08/23;26096,86123;26260,68094;26004,3153;26189,58467
21/08/23;26188,69065;26220,20168;25846,08797;2612,414125
22/08/23;26130,74802;26135,5082;2552,072849;26031,65648
23/08/23;2604,047365;26786,89761;25804,99819;26431,63998
24/08/23;26431,51989;26554,90982;25914,92556;26162,37249
25/08/23;26163,68005;26248,10343;25786,81246;26047,66885
26/08/23;26047,23524;26107,38429;25983,87827;2600,846266
27/08/23;26008,2418;26165,37244;25965,09754;26089,69347
28/08/23;26089,61492;26198,57906;25880,60025;26106,15004
29/08/23;26102,48583;28089,33803;25912,62891;27727,39301
30/08/23;27726,08403;27760,1594;27069,20742;27297,26535
31/08/23;27301,92932;27456,079;25752,92995;25931,47289
01/09/23;25934,02081;26125,86977;25362,60913;25800,72437
02/09/23;25800,90961;2597,028449;25753,09385;25868,79814
03/09/23;25869,47279;26087,14916;25817,0318;25969,56735
04/09/23;25968,17013;26081,52461;25657,02557;25812,41527
05/09/23;25814,95781;25858,37431;25589,98859;25779,98179
06/09/23;2578,393074;2595,301566;25404,35968;25753,23626
07/09/23;25748,31201;26409,30301;2560,82016;262,4019489
08/09/23;26245,20821;2641,400597;25677,47958;25905,65375
09/09/23;25905,42491;2592,197623;25810,49509;25895,67822
10/09/23;25895,20997;25978,13017;25640,26171;25832,22625
11/09/23;25831,7155;25883,947;24930,29749;25162,65527
12/09/23;25160,65793;26451,9385;25133,07891;25833,34306
13/09/23;25837,55496;26376,11347;25781,12373;26228,32409
14/09/23;26228,27786;26774,62336;26171,45185;26539,67444
15/09/23;26533,81884;26840,49793;26240,70063;26608,69336
16/09/23;26606,19865;26754,77018;26473,89078;26568,28129
17/09/23;26567,92758;2661,799763;26445,07513;265,3418752
18/09/23;26532,99479;2741,473426;26415,51585;26754,28104
19/09/23;26760,85101;27488,7638;26681,60577;27211,11782
20/09/23;27210,22849;27379,50607;26864,08232;27132,00734
21/09/23;27129,84002;27152,93858;26389,30029;26567,6329
22/09/23;26564,05617;26726,07803;26495,53241;26579,56864
23/09/23;26578,55593;26634,18598;26520,51983;26579,38974
24/09/23;26579,37399;26716,05846;2622,105;26256,82579
25/09/23;26253,7753;26421,50836;26011,46962;26298,47955
26/09/23;26294,75867;26389,88478;26090,7124;26217,24934
27/09/23;2620,949835;26817,84232;26111,46438;26352,71762
28/09/23;2635,581239;27259,49922;26327,32171;27021,54676
29/09/23;27024,84171;27225,93843;2672,17628;26911,7216
30/09/23;26911,68918;27091,79551;26888,9678;26967,9163
01/10/23;26967,39743;28047,23771;26965,09429;27983,75038
02/10/23;27976,79915;28494,45964;27347,78758;2753,078489
03/10/23;27508,25182;27667,19203;27216,00132;27429,97902
04/10/23;2742,9075;27826,65795;27248,10625;27799,3941
05/10/23;27798,64713;28091,86124;27375,60142;27415,91198
06/10/23;27412,12242;28252,53757;27215,55245;27946,59678
07/10/23;2794,678163;28028,09209;27870,42346;27968,83887
08/10/23;27971,67811;28102,17039;27740,66302;27935,08958
09/10/23;27934,47216;27989,4709;27302,56192;27583,67859
10/10/23;27589,2011;27715,84835;2730,165508;27391,01952
11/10/23;27392,07555;27474,11619;2656,109937;26873,32112
12/10/23;26873,29249;26921,4389;2655,832078;26756,79864
13/10/23;26752,87956;27092,69675;26686,32231;26862,37545
14/10/23;26866,20324;26968,99922;26814,58659;26861,7062
15/10/23;26858,01173;27289,17032;26817,89401;27159,65292
16/10/23;27162,62823;29448,13904;27130,47348;2851,946668
17/10/23;28522,09817;28618,75239;2811,018612;28415,74814
18/10/23;28413,53081;28889,00959;28174,25255;28328,34115
19/10/23;28332,41531;28892,47368;2817,798754;28719,80613
20/10/23;28732,81155;30104,08561;28601,67016;29682,94927
21/10/23;29683,38182;30287,48165;2948,175231;29918,41167
22/10/23;29918,65504;3019,943311;29720,31345;2999,389652
23/10/23;30140,68486;34370,43877;30097,82874;33086,23297
24/10/23;33077,30395;35150,4335;32880,76173;33901,52656
25/10/23;33916,04405;35133,75757;33709,11031;34502,82089
26/10/23;34504,28742;34832,90854;33762,32329;34156,64983
27/10/23;34156,50069;34238,21077;33416,88549;33909,79928
28/10/23;33907,72365;34399,38898;338,7480478;34089,57587
29/10/23;34089,37174;34743,26242;33947,56718;34538,48209
30/10/23;34531,74137;34843,9355;341,1097396;34502,36466
31/10/23;3450,007774;34719,25405;34083,30946;34667,77936
01/11/23;3465,727532;35527,93156;34170,69259;35437,25318
02/11/23;35441,57739;35919,8436;34401,57491;34938,2424
03/11/23;3494,247432;3494,247432;34133,43962;34732,32558
04/11/23;34736,32341;3525,603275;34616,69334;35082,19722
05/11/23;3509,001302;35340,33972;34594,24258;35049,35592
06/11/23;35044,78992;35286,02683;34765,36485;35037,36944
07/11/23;35047,79363;35892,41637;34545,8151;35443,56136
08/11/23;35419,47672;35994,41653;35147,80081;35655,27608
09/11/23;35633,63439;37926,2568;35592,10325;36693,12363
10/11/23;36702,25186;37493,8013;36362,75523;37313,96969
11/11/23;3731,007076;37407,09328;36773,66646;37138,05054
12/11/23;37133,99088;37227,69256;36779,11653;37054,52014
13/11/23;37070,30587;37405,1153;36399,60511;36502,35734
14/11/23;3649,178758;36753,35219;34948,50028;35537,64052
15/11/23;35548,11279;37964,89283;35383,78097;37880,58317
16/11/23;37879,97994;3793,46252;3554,547334;36154,76924
17/11/23;36164,8236;36704,4828;35901,23556;36596,68192
18/11/23;36625,37148;36839,28287;36233,31173;36585,70293
19/11/23;36585,7657;37509,35626;36414,59828;3738,654777
20/11/23;37374,07468;37756,81929;36882,53198;37476,95586
21/11/23;37469,15971;37631,13964;35813,81136;35813,81136
22/11/23;35756,55326;37856,97991;35670,97188;37432,33831
23/11/23;37420,43388;3764,391842;36923,86436;37289,62066
24/11/23;37296,31683;38415,3382;37261,60605;37720,28115
25/11/23;37721,41345;37892,42997;37617,41683;3779,679234
26/11/23;37796,82886;37820,30134;37162,74915;37479,12229
27/11/23;37454,19196;37559,35455;3675,01271;37254,16885
28/11/23;37247,99117;38368,47995;36891,08936;378,3108687
29/11/23;3782,610552;38366,113;37612,63162;37858,49405
30/11/23;37861,11888;3814,175355;37531,14163;37712,74777
01/12/23;37718,00963;38954,11043;37629,35891;38688,74836
02/12/23;38689,27862;39678,93729;38652,59568;39476,33328
03/12/23;39472,20747;40135,6049;39298,16552;39978,39182
04/12/23;39978,62865;42371,74944;39978,62865;4198,009948
05/12/23;4198,626435;44408,66574;41421,14739;44080,64795
06/12/23;44080,02425;44265,7704;43478,08132;43746,44536
07/12/23;43769,13107;44042,58802;4288,065013;4329,266424
08/12/23;43293,13495;44705,51501;43125,2951;44166,60064
09/12/23;44180,02094;44361,25735;43627,59718;43725,98581
10/12/23;43728,38348;44034,62497;43593,2838;43779,69729
11/12/23;43792,01786;43808,37306;40234,57833;4124,383331
12/12/23;41238,73339;42048,30378;40667,56185;41450,22219
13/12/23;41468,46586;43429,78062;40676,86816;42890,74073
14/12/23;4288,426269;43390,86037;41767,09054;43023,97197
15/12/23;43028,25069;4308,782377;41692,96804;4192,975839
16/12/23;41937,74097;42664,94514;41723,11347;42240,11908
17/12/23;42236,10834;42359,49612;41274,54352;4136,466592
18/12/23;41348,20209;42720,29713;40530,25852;42623,53833
19/12/23;42641,51021;43354,2966;41826,33515;4227,052614
20/12/23;42261,30014;44275,58751;422,2381786;43652,24867
21/12/23;43648,12493;44240,66913;43330,05265;43869,15086
22/12/23;43868,98642;44367,95577;43441,96795;43997,90141
23/12/23;44012,19863;44015,69864;43351,3557;43739,54214
24/12/23;43728,36599;43945,52156;42786,91786;43016,11762
25/12/23;43010,57292;43765,09214;42765,77114;43613,14208
26/12/23;43599,84759;43603,17544;41676,48997;42520,40151
27/12/23;42518,46853;43683,15981;42167,58349;43442,85456
28/12/23;43468,19806;43804,78142;42318,54886;42627,85353
29/12/23;42614,64389;43124,32586;41424,06064;420,9940281
30/12/23;42091,75264;42584,12364;4155,622599;42156,90115
31/12/23;42152,09845;42860,93739;41998,25535;4226,518565
01/01/24;42280,23528;44175,43605;42214,97675;44167,33021
02/01/24;44187,13904;45899,70635;44176,95044;44957,97005
03/01/24;44961,60319;45503,24179;40813,53487;42848,17564
04/01/24;42855,81476;44770,02341;4267,517401;44179,9217
05/01/24;44192,9787;44353,28586;42784,71827;44162,69163
06/01/24;44178,95461;44227,63131;43475,15643;43989,19409
07/01/24;43998,46424;44495,57147;43662,22863;43943,09723
08/01/24;43948,70696;47218,00113;43244,08161;46970,50231
09/01/24;46987,63874;4789,370101;45244,71515;46139,73037
10/01/24;46121,53982;47647,22099;44483,15086;46627,77911
11/01/24;46656,07308;48969,3714;45678,6454;46368,58538
12/01/24;46354,79319;46498,13482;41903,77075;4285,316666
13/01/24;42799,44649;43234,66178;42464,1432;4284,238219
14/01/24;42842,26367;43065,59885;41724,61372;41796,26961
15/01/24;41715,06653;43319,72118;41705,41833;42511,96772
16/01/24;42499,33754;43566,27492;42085,99603;43154,94423
17/01/24;43132,10034;43189,89051;42189,31053;42742,65284
18/01/24;42742,31162;42876,3466;4063,117049;41262,05836
19/01/24;41278,45919;42134,15898;40297,45786;41618,40737
20/01/24;41624,58903;41877,89392;41446,82309;41665,58484
21/01/24;4167,148853;41855,36872;41497,00966;41545,78351
22/01/24;41553,65269;41651,20679;39450,11899;3950,736882
23/01/24;39518,71545;40127,35343;38521,89389;39845,55115
24/01/24;39877,59556;40483,78388;39508,79846;4007,707327
25/01/24;40075,54902;40254,48232;39545,66446;399,3380775
26/01/24;39936,81688;42209,38517;39825,69223;41816,87284
27/01/24;4181,562502;42195,63156;41431,27989;42120,05635
28/01/24;42126,12596;42797,17736;41696,90834;42035,59437
29/01/24;42030,91538;4330,586886;41818,33109;43288,24534
30/01/24;43300,22809;43838,94684;4271,137176;42952,60821
31/01/24;4294,625137;43717,40466;42298,94716;42582,60639
01/02/24;42569,7614;43243,16818;41879,18999;43075,7746
02/02/24;43077,63918;43422,48807;4258,433723;43185,85943
03/02/24;43184,96368;43359,94193;42890,80668;42992,24963
04/02/24;42994,9408;4309,764402;42374,8339;42583,58292
05/02/24;42577,62298;43494,24863;42264,8173;426,5866605
06/02/24;42657,39107;4334,414822;42529,02142;43084,67186
07/02/24;43090,0213;44341,94833;42775,95847;44318,22445
08/02/24;44332,1256;45575,84172;44332,1256;45301,56663
09/02/24;45297,38425;4815,249463;45260,82457;47147,20031
10/02/24;47153,52842;48146,17043;46905,32169;47771,27737
11/02/24;47768,96813;48535,93591;47617,40537;4829,391675
12/02/24;48296,3852;50280,47527;4774,576026;49958,22422
13/02/24;49941,36116;50358,39209;4840,649556;49742,44099
14/02/24;49733,4448;52021,37078;49296,83092;51826,696
15/02/24;51836,78358;52820,06693;51371,62748;51938,55632
16/02/24;5193,772691;52537,97023;51641,36722;52160,20283
17/02/24;52161,67548;52191,91409;50669,66868;51662,99537
18/02/24;51661,97011;52356,96316;51233,70883;52122,54546
19/02/24;52134,81221;52483,32555;51711,81923;51779,14406
20/02/24;51777,72851;52945,05257;50792,31125;52284,87356
21/02/24;52273,53578;52368,81674;50671,75866;5183,918053
22/02/24;51854,64522;52009,61249;50926,29339;51304,97436
23/02/24;51283,90457;5149,793219;50561,77586;50731,94919
24/02/24;50736,37007;51684,19452;50585,44589;51571,10311
25/02/24;51565,21536;51950,02724;51306,17017;51733,2366
26/02/24;51730,53979;54938,17438;50931,03161;54522,40154
27/02/24;54519,36207;57537,83966;54484,20014;57085,37231
28/02/24;57071,09805;63913,13181;5673,84242;62504,78925
29/02/24;62499,18177;63585,64343;60498,73045;6119,83829
01/03/24;61168,06243;6315,510235;60802,52636;6244,063254
02/03/24;62431,65248;6245,869852;61657,28871;62029,84606
03/03/24;62031,57852;63230,20956;61435,02342;63167,37036
04/03/24;63137,00468;68537,02933;62386,51835;68330,41561
05/03/24;68341,05778;69170,62821;59323,90894;63801,19756
06/03/24;63776,05143;67637,92986;62848,67152;66106,80279
07/03/24;66099,74165;68029,91869;65655,5342;66925,4832
08/03/24;6693,809348;70083,05162;66230,45214;68300,09569
09/03/24;68299,25973;68673,05803;68053,12522;68498,8813
10/03/24;68500,25585;70005,1999;68239,98039;69019,78636
11/03/24;69020,54977;72850,71358;67194,88615;72123,90355
12/03/24;72125,12163;72825,65737;68728,85433;71481,29159
13/03/24;71482,11707;73637,47479;7133,409238;73083,50133
14/03/24;73079,37338;737,5007385;68563,02277;71396,58989
15/03/24;71387,8732;72357,13088;65630,69408;69403,77183
16/03/24;69392,4875;70046,27393;64801,39555;65315,11747
17/03/24;65316,34488;6884,571624;64545,3181;68390,6228
18/03/24;68371,30726;68897,13441;66594,23035;67548,59157
19/03/24;67556,13116;68106,92741;61536,18025;61912,77315
20/03/24;619,301549;68115,25887;6080,778596;67913,67303
21/03/24;67911,58387;68199,99044;64580,91674;65491,38993
22/03/24;65489,92846;66623,7493;62355,36971;63778,76256
23/03/24;63802,72196;65976,40154;63038,49308;64062,20233
24/03/24;6407,075213;67622,76089;63825,85334;67234,17235
25/03/24;67234,09758;71162,59344;66414,83223;69958,81358
26/03/24;6993,132635;71535,7408;6933,561291;69987,8389
27/03/24;69991,89651;71727,68376;68381,92585;69455,34098
28/03/24;69452,77111;71546,0196;68895,50523;707,4495206
29/03/24;70744,79652;70913,09572;69076,65419;69892,82907
30/03/24;69893,44429;70355,49479;69601,06506;69645,30579
31/03/24;69647,77903;713,777795;69624,86868;71333,64793
01/04/24;71333,48472;71342,09145;68110,69602;69702,14611
02/04/24;69705,02432;69708,38126;64586,5943;65446,97423
03/04/24;6544,667176;6691,432256;64559,89995;65980,80865
04/04/24;65975,69667;69291,25481;65113,79653;68508,84184
05/04/24;68515,75426;68725,75836;66011,47949;67837,64253
06/04/24;6784,057358;69629,60205;6749,171524;68896,10998
07/04/24;68897,11113;70284,42626;68851,63009;69362,55128
08/04/24;69362,554;72715,35961;69064,2449;71631,35695
09/04/24;71632,50266;71742,50632;68212,9193;69139,01583
10/04/24;69140,24064;71093,43316;67503,56561;70587,87944
11/04/24;70575,73216;71256,23813;69571,81497;7006,060706
12/04/24;70061,3796;71222,74298;65254,83434;67195,86418
13/04/24;6718,837643;67931,42936;609,1910616;63821,47388
14/04/24;63836,23184;65824,42708;62205,85172;6573,872389
15/04/24;65739,64454;66878,6469;62332,07152;63426,21002
16/04/24;6341,929849;64355,66926;61716,40233;63811,86394
17/04/24;63831,84722;64486,36471;597,6858779;61276,69326
18/04/24;6127,531541;64125,68642;60833,47922;63512,75349
19/04/24;63510,75032;65481,59705;59651,39026;6384,35685
20/04/24;63851,10004;65442,45895;63172,40391;64994,44007
21/04/24;64992,81661;65723,23983;64277,72143;6492,664321
22/04/24;64935,63317;67233,95704;64548,17858;6683,767609
23/04/24;66839,89451;67199,24195;65864,86766;66407,2718
24/04/24;66408,72207;67075,36965;63589,87193;64276,89742
25/04/24;64275,02102;65275,20752;62783,63327;64481,70664
26/04/24;64485,36993;64789,65751;63322,39964;63755,32133
27/04/24;63750,99015;63898,36159;62424,72068;6341,91412
28/04/24;63423,51393;6432,148281;62793,59877;63113,23168
29/04/24;63106,3642;64174,87772;61795,4572;63841,12016
30/04/24;6383,941987;6470,333236;59120,06805;60636,85678
01/05/24;60609,49795;60780,49968;56555,29405;58254,00985
02/05/24;58253,7047;59602,29803;56937,20417;5912,343225
03/05/24;59122,30085;63320,50339;58848,31206;62889,83674
04/05/24;62891,03055;64494,95843;62599,35315;63891,47292
05/05/24;63892,45499;64610,89021;62955,30648;64031,13281
06/05/24;64038,31356;65,49490172;62746,23845;63161,95026
07/05/24;63162,7634;64390,45674;62285,97918;62334,81835
08/05/24;62332,64251;62986,08424;60877,12752;61187,9414
09/05/24;61191,20053;63404,9153;60648,07542;63049,95926
10/05/24;63055,191;6344,674251;60208,78155;60792,77679
11/05/24;60793,35701;6145,115373;60492,62537;60793,7096
12/05/24;60793,50203;61818,15488;60632,60244;61448,39467
13/05/24;61451,21851;63422,66038;60769,84067;62901,44746
14/05/24;62900,77401;63092,12516;61123,76653;61552,79014
15/05/24;61553,98985;66454,44997;61330,40878;66267,49147
16/05/24;66256,11182;66712,42938;64613,05605;65231,58031
17/05/24;6523,129868;6745,94595;65119,31498;67051,87491
18/05/24;67066,21104;67387,33037;66663,49652;66940,80441
19/05/24;66937,93007;67694,29878;65937,17781;66278,37008
20/05/24;66278,74467;71483,56622;66086,17412;71448,19519
21/05/24;71443,06344;7194,646269;69191,12353;70136,53144
22/05/24;70135,31863;70623,69427;6897,769141;69122,33901
23/05/24;69121,30294;70041,27138;66356,95363;67929,56304
24/05/24;67928,13029;6922,029394;6662,266868;68526,09777
25/05/24;68526,92222;69579,32133;68515,81883;69265,94274
26/05/24;69264,28525;69506,22854;68183,89281;6851,808997
27/05/24;68512,18027;70597,87951;68232,50113;69394,55337
28/05/24;69392,19677;69514,63935;67227,1544;68296,22199
29/05/24;68296,34813;68852,4633;67101,49433;67578,09292
30/05/24;67576,0879;69500,5427;67118,07742;68364,98955
31/05/24;68362,51594;68999,56524;66633,41834;67489,61178
01/06/24;67475,43118;67839,7684;67386,19761;67706,93731
02/06/24;6771,027089;68409,16583;67315,52631;67751,60258
03/06/24;67753,89541;70230,82085;66252,02692;68804,78009
04/06/24;68804,56722;71047,40601;68564,64322;70567,7689
05/06/24;70568,35029;71735,41098;70390,71269;71082,8227
06/06/24;7108,284043;71625,73725;70119,12303;70757,16585
07/06/24;70759,18448;71907,84898;68507,26094;69342,58674
08/06/24;69324,17655;6953,331697;69210,74156;69305,77432
09/06/24;69297,49482;69817,5223;69160,84174;69647,993
10/06/24;69644,31274;7014,606833;69232,42545;69512,28028
11/06/24;69508,07973;69549,41673;66123,59916;67332,03046
12/06/24;67321,3741;69977,89055;66902,45507;68241,18408
13/06/24;68243,10444;68365,7836;66304,5656;66756,39709
14/06/24;66747,56951;67294,65105;65056,89301;66011,09373
15/06/24;66006,74025;66402,18735;65871,77605;66191,00047
16/06/24;66189,35779;66894,84124;66018,24917;66639,04654
17/06/24;66636,5155;67188,31747;6509,496413;66490,29418
18/06/24;66490,97701;66556,69942;64066,95567;65140,74459
19/06/24;65146,65912;6569,535418;64693,3023;64960,2953
20/06/24;64960,2953;66438,96388;64547,84932;64828,65581
21/06/24;64837,98759;65007,54637;62785,52932;64096,19819
22/06/24;64113,8649;64760,36035;63960,03191;64252,57875
23/06/24;64248,96317;64491,70322;63180,79821;63180,79821
24/06/24;63173,35271;63292,52716;58601,70007;60277,41466
25/06/24;60266,28307;62258,26133;60239,74835;61804,64117
26/06/24;61789,67545;62434,13651;60695,18683;60811,27845
27/06/24;60811,22702;6229,3862;60585,33081;6160,480176
28/06/24;61612,80579;62126,09657;59985,40426;60320,13553
29/06/24;60319,8732;6109,762182;60300,9651;60887,38083
30/06/24;60888,44556;62892,8272;60632,95044;6267,829208
01/07/24;62673,60634;6377,722754;62495,5101;62851,98007
02/07/24;62844,41155;63203,35945;61752,74664;62029,01681
03/07/24;62034,33014;62187,70484;59419,38839;60173,92358
04/07/24;6014,713764;60399,67477;56777,80495;56977,70146
05/07/24;57022,80922;57497,15143;53717,37543;56662,37327
06/07/24;5665,907523;58472,54874;56038,96164;58303,53858
07/07/24;58239,43047;58371,12039;55793,32594;55849,11064
08/07/24;55849,57377;58131,3373;54321,01906;56705,09843
09/07/24;56704,59694;58239,197;56316,87515;58009,22632
10/07/24;58033,88449;59359,43239;57178,41252;57742,49462
11/07/24;57729,8908;59299,43429;57120,37751;5734,491479
12/07/24;57341,19493;58532,55306;56590,17449;57899,46552
13/07/24;57908,73854;5978,707822;57796,44245;59231,95324
14/07/24;59225,2504;61329,52914;59225,2504;60787,79237
15/07/24;60815,4579;64870,15282;60704,9292;64870,15282
16/07/24;64784,41884;65354,3382;62487,96711;65097,14683
17/07/24;65091,83071;66066,73303;63896,08719;64118,79267
18/07/24;64104,73768;65104,66142;63246,16444;63974,06668
19/07/24;63972,3255;67442,63812;63329,34203;66710,15431
20/07/24;66709,92562;67610,73437;66299,61837;67163,64492
21/07/24;67164,91192;68372,90517;6584,22988;6815,452291
22/07/24;68152,97613;68480,06279;66611,29987;67585,24997
23/07/24;67584,80435;67779,01755;65484,46208;65927,67236
24/07/24;65927,85808;67113,98431;65146,99498;65372,13323
25/07/24;65375,87348;66112,42004;63473,47328;65777,22394
26/07/24;65771,81042;68207,60003;65743,76943;679,120631
27/07/24;67911,81426;69398,51131;66705,21958;67813,33942
28/07/24;6780,865559;68301,85411;67085,82819;68255,86577
29/07/24;68259,05493;69987,54221;66532,59311;66819,91619
30/07/24;66819,05266;66987,67231;65323,19198;66201,01623
31/07/24;66201,27108;66810,21269;64532,0463;64619,24965
01/08/24;64625,84044;6559,324477;62248,93999;65357,50156
02/08/24;65353,49847;65523,22357;61184,8932;61415,06457
03/08/24;61414,80849;62148,37176;59836,52737;60680,0947
04/08/24;60676,09418;61062,98955;57210,80333;58116,97696
05/08/24;58110,29846;58268,82741;49121,23738;53991,4578
06/08/24;53991,34759;57059,91862;53973,27228;56034,31659
07/08/24;56040,63212;57726,88105;54620,50952;55027,46069
08/08/24;55030,02903;62673,76398;54766,72842;61710,13756
09/08/24;61728,20898;61751,86444;59587,85979;60880,1122
10/08/24;60881,22948;61464,51165;60287,56653;60945,81314
11/08/24;60944,89256;61778,66037;58348,82334;5871,948317
12/08/24;58719,39522;60680,33081;57688,89773;59354,51372
13/08/24;59356,20778;61572,39697;58506,25337;60609,56698
14/08/24;60611,05005;6168,775659;58472,87413;58737,27063
15/08/24;58733,26299;59838,64867;56161,59287;57560,09763
16/08/24;57560,2733;59847,35835;57110,01932;58894,10416
17/08/24;5889,353084;59694,66893;58814,83133;59478,97105
18/08/24;59468,13149;60262,717;58445,40172;58483,96498
19/08/24;58480,71273;59612,66125;57864,70951;59493,45248
20/08/24;59493,45197;61396,3281;58610,88337;59012,79115
21/08/24;59014,98763;61834,35078;58823,44361;6117,519201
22/08/24;6116,831576;61408,10757;59815,25498;60381,91246
23/08/24;60380,95286;64947,06176;60372,04996;64094,35721
24/08/24;64103,86959;64513,7905;63619,91721;64178,99065
25/08/24;64176,36707;64996,4201;63833,5189;64333,54418
26/08/24;64342,22544;64489,70638;62849,55982;62880,65865
27/08/24;62879,7084;63207,59759;5811,675133;59504,13268
28/08/24;59507,92464;60236,44801;57890,67691;59027,62659
29/08/24;59027,46834;61184,08062;58786,22699;59388,18085
30/08/24;59388,60188;59896,88756;57768,53006;59119,47478
31/08/24;59117,47951;59432,59195;58768,78396;58969,89837
01/09/24;58969,79945;59062,07081;57217,82386;57325,48769
02/09/24;5732,696729;59403,06979;57136,02642;59112,47951
03/09/24;59106,19129;5981,505695;57425,16731;57431,02299
04/09/24;57430,34857;58511,56932;5567,316283;57971,54082
05/09/24;57971,70332;58300,58102;55712,45409;56160,48726
06/09/24;5616,018946;5697,610891;52598,69966;53948,75224
07/09/24;53949,08715;54838,14567;53740,06854;54139,68945
08/09/24;54147,93257;55300,85969;53653,75922;54841,56635
09/09/24;54851,88735;58041,12486;54598,43373;57019,53476
10/09/24;57020,09841;58029,97744;56419,41285;57648,71241
11/09/24;57650,28907;57991,32051;55567,34129;57343,17054
12/09/24;57343,17259;58534,35838;57330,10075;5812,701084
13/09/24;58130,32248;60648,02427;5765,011167;60571,29916
14/09/24;60569,11623;60656,72113;59517,88193;60005,11916
15/09/24;60000,72832;60381,91667;58696,30942;59182,83533
16/09/24;591,8522686;59205,51036;57501,33917;58192,50687
17/09/24;58192,50934;61316,09138;57628,07177;60308,53759
18/09/24;60309,00188;61664,06733;59218,25244;61649,67873
19/09/24;61651,15534;63872,44072;61609,86702;6294,045677
20/09/24;62941,4276;6411,953036;62364,60653;6319,297508
21/09/24;63184,34127;63543,36012;62783,10538;6339,483874
22/09/24;63396,80355;63993,4231;6244,072627;63648,70989
23/09/24;63643,10208;64733,55767;62628,07866;6332,980239
24/09/24;63326,84125;64695,21547;62737,4179;64301,96727
25/09/24;64302,59122;64804,50314;62945,37655;63143,14597
26/09/24;63138,54848;65790,79545;62669,26845;65181,0207
27/09/24;65180,66514;66480,69471;64852,99109;65790,66165
28/09/24;65792,18195;66255,53187;6545,80345;65887,64878
29/09/24;65888,89527;66069,34581;65450,01437;65635,30815
30/09/24;65634,66013;6563,505288;6287,361587;63329,49813
01/10/24;6333,560358;64110,982;6018,92787;6083,70097
02/10/24;60836,32463;62357,68673;59996,94734;60632,78627
03/10/24;60632,48624;61469,03715;59878,80343;60759,40133
04/10/24;60754,62513;62465,99076;60459,93982;62067,47745
05/10/24;62067,6105;62371,02368;61689,58116;62089,94846
06/10/24;62084,9865;62959,56854;61833,15004;62818,95448
07/10/24;62819,10933;64443,70641;62152,55171;62236,65937
08/10/24;62221,64515;63174,3062;61843,56366;62131,96785
09/10/24;62131,7261;62508,83574;60314,61439;60582,10097
10/10/24;60581,92969;61236,72317;58895,20781;60274,49806
11/10/24;60275,46083;63400,86988;6004,612583;62445,08861
12/10/24;62444,61741;63448,78324;62443,27135;63193,02307
13/10/24;63192,94358;63272,65296;62035,63669;62851,37492
14/10/24;62848,39949;66482,49439;62442,154;66046,12807
15/10/24;66050,36873;67881,67959;64809,19695;67041,10717
16/10/24;67042,46182;68375,29295;66758,72551;67612,72078
17/10/24;67617,07957;67912,20764;6664,739121;67399,83349
18/10/24;67419,10873;68969,74692;6717,78182;68418,78905
19/10/24;68418,97666;68668,00581;68024,63823;68362,73311
20/10/24;68364,17846;69359,00706;68105,72051;69001,70662
21/10/24;69002,00015;69462,73678;66829,85347;67367,85256
22/10/24;67360,70273;67801,577;66581,36798;67361,40266
23/10/24;67362,37442;6740,274462;65188,03529;66432,19825
24/10/24;66653,70416;68798,96199;66454,09956;6816,105334
25/10/24;68165,29737;68722,15949;65521,79345;66642,41073
26/10/24;66628,737;67317,91816;66360,5955;67014,69773
27/10/24;67023,47942;68221,31474;6684,72231;6792,92988
28/10/24;67922,67427;70212,26904;67535,13101;69907,75467
29/10/24;69910,04537;73577,20966;69729,91783;72720,49357
30/10/24;7271,536649;72905,29852;71411,73503;72339,54218
31/10/24;72335,04408;72662,3098;69590,50287;70215,18563
01/11/24;70216,89697;71559,01657;68779,70034;69482,46985
02/11/24;69486,0239;69867,35185;69033,72226;6928,927667
03/11/24;69296,38206;69361,658;67482,52544;68741,11549
04/11/24;68742,13467;69433,17642;6680,365;67811,50914
05/11/24;67811,17433;70522,78682;67458,86968;69359,56617
06/11/24;69358,50199;76460,15337;69322,0319;75639,07795
07/11/24;75637,08497;76943,11802;74480,41931;75904,85846
08/11/24;7590,283257;77252,74766;7564,87412;76545,47664
09/11/24;76556,19113;76932,76399;7577,378852;76778,86775
10/11/24;76775,5438;81474,42389;7656,542993;8047,41856
11/11/24;80471,41319;89604,49784;80283,24762;8870,148808
12/11/24;88705,56449;8995,688236;85155,11151;87955,80982
13/11/24;87929,96677;93434,35534;86256,93197;90584,16667
14/11/24;90574,88206;9176,522137;86682,81582;87250,43127
15/11/24;87284,1831;9186,874444;87124,90086;91066,00696
16/11/24;91064,36623;91763,94788;90094,22537;90558,47524
17/11/24;90558,46311;914,330405;88741,66583;89845,85121
18/11/24;89843,71548;92596,78892;89393,59057;90542,644
19/11/24;90536,81153;94002,87011;90426,98538;92343,79205
20/11/24;92341,89416;94902,02358;91619,4964;94339,49503
21/11/24;94334,64328;9901,421491;94132,60097;98504,72759
22/11/24;98496,42949;99655,50108;97222,66704;9899,766208
23/11/24;99006,74227;99014,67786;9723,289312;9777,727976
24/11/24;97778,09736;98647,17758;95788,077;98013,82091
25/11/24;98033,4427;98935,03181;92642,91486;93102,29521
26/11/24;93087,27999;94991,74997;90770,81504;91985,31683
27/11/24;91978,13858;97361,18194;91778,66121;95962,52842
28/11/24;95954,94488;96650,20377;94677,3543;95652,46516
29/11/24;95653,95259;98693,16817;95407,88637;97461,52371
30/11/24;97468,81245;97499,3424;96144,21983;96449,05581
01/12/24;96461,3368;97888,12727;95770,18447;97279,79292
02/12/24;97276,01012;98152,59825;94482,86334;95865,30163
03/12/24;95854,59743;96297,20006;93629,55989;9600,216214
04/12/24;95988,52871;99207,32507;94660,52325;98768,52756
05/12/24;98741,53938;103900,4721;9199,87817;96593,57227
06/12/24;97074,22483;102039,8818;96514,87608;99920,71473
07/12/24;99916,71446;100563,3798;99030,88649;99923,33662
08/12/24;99921,9168;101399,9887;98771,51417;101236,0131
09/12/24;101237,0615;101272,5042;94355,91104;97432,72126
10/12/24;97441,23447;98270,15277;943,2125879;96675,43354
11/12/24;96656,06162;101913,3625;95747,22887;101173,0326
12/12/24;101167,807;102524,9103;99339,94993;100042,9979
13/12/24;100046,6505;101888,8084;99233,27805;101459,2544
14/12/24;101451,44;102618,8846;100634,0575;101372,9661
15/12/24;101373,533;105047,5419;101227,0278;104298,6958
16/12/24;104293,5765;107780,5796;103322,9828;106029,7206
17/12/24;106030,6906;108268,4471;105291,7379;106140,5982
18/12/24;106147,2953;106470,6064;100041,5427;100041,5427
19/12/24;100070,6874;102748,1508;95587,6815;9749,094998
20/12/24;97484,69731;98098,91131;92175,18045;97755,93016
21/12/24;97756,1922;99507,09859;96426,52074;97224,72634
22/12/24;97218,31827;97360,2647;94202,18625;95104,93437
23/12/24;95099,39195;96416,21393;92403,13138;94686,23944
24/12/24;94684,34755;99404,06132;93448,01394;98676,0974
25/12/24;98675,91086;99478,74902;9759,347017;99299,19275
26/12/24;99297,69701;998,8457217;95137,8853;95795,5166
27/12/24;95704,97459;97294,84642;93310,7438;94164,86035
28/12/24;94160,18622;95525,89852;94014,2865;95163,93193
29/12/24;95174,05512;95174,8784;92881,79187;93530,22844
30/12/24;93527,1975;94903,3239;91317,13546;92643,2146
31/12/24;9264,325122;96090,60379;91914,02778;93429,20281
01/01/25;93425,10214;94929,86481;92788,12788;94419,75751
02/01/25;94416,28655;97739,81684;94201,57042;96886,87827
03/01/25;96881,72902;98956,91704;96034,61406;98107,42876
04/01/25;98106,99355;98734,42818;97562,97597;98236,22909
05/01/25;98233,90578;98813,30855;97291,76461;98314,95944
06/01/25;98314,95696;102482,8739;97926,14852;102078,0856
07/01/25;102248,8525;102712,4857;96132,8747;96922,70528
08/01/25;96924,16497;97258,32175;92525,84456;95043,52346
09/01/25;95043,48764;95349,72146;91220,84226;92484,03697
10/01/25;92494,49151;95770,6116;9225,009274;94701,45646
11/01/25;94700,83805;94977,68766;9384,004352;94566,59368
12/01/25;94565,72583;95367,5363;93712,51167;94488,44106
13/01/25;94488,89217;95837,00023;89260,10019;94516,52563
14/01/25;94519,00714;97352,66475;9432,21545;96534,04421
15/01/25;96534,04597;100697,2344;96501,64439;10050,44934
16/01/25;100505,2987;100781,5891;97364,44308;99756,9091
17/01/25;100025,7651;10588,42304;99948,90506;104462,0426
18/01/25;104124,9546;104913,2062;102226,6203;104408,0673
19/01/25;10441,12868;106299,7985;99570,53118;101089,6065
20/01/25;10108,37535;109114,8848;99471,35894;102016,6623
21/01/25;102052,5753;107180,9249;100103,9558;106146,263
22/01/25;106136,3833;106294,3401;103360,2693;103653,0692
23/01/25;10365,76746;106820,3288;101257,8032;103960,1716
24/01/25;103965,6697;107098,5452;102772,1242;104819,4845
25/01/25;104824,0337;105243,7906;104120,3768;104714,6454
26/01/25;104713,2132;105438,6445;10250,77117;102682,497
27/01/25;102680,3036;10321,41105;97795,9361;102087,6913
28/01/25;10209,54176;103730,8211;100238,1881;101332,4762
29/01/25;101317,5273;104750,8072;101283,8227;103703,2112
30/01/25;103709,3388;106418,7667;103321,6451;104735,3028
31/01/25;104737,5622;106026,3503;101543,8829;102405,0271
01/02/25;102402,7981;102755,726;100297,7092;100655,9057
02/02/25;100661,5364;101430,6658;96216,07781;97688,9793
03/02/25;97681,10326;102514,1747;91242,8926;101405,4231
04/02/25;10139,8717;101745,6133;96208,10655;97871,81783
05/02/25;97878,00975;99113,20783;96174,82556;96615,44454
06/02/25;96610,64023;99168,60601;95707,34992;96593,30033
07/02/25;96581,31729;10015,41433;95653,88665;9652,908249
08/02/25;96533,26084;96877,80734;95702,49237;96482,44987
09/02/25;9648,131526;97325,28204;94745,26123;96500,09479
10/02/25;96499,46209;98333,22007;95320,84203;97437,55726
11/02/25;97438,13121;98492,90128;94875,03885;95747,43113
12/02/25;95745,69446;98151,02693;94101,20333;97885,86306
13/02/25;97888,74649;98111,08742;95269,7079;96623,86901
14/02/25;96623,37087;9881,946896;96342,80603;97508,9699
15/02/25;97508,38277;97975,03725;9724,019712;97580,34938
16/02/25;97580,49058;97725,5973;96060,97975;96175,03204
17/02/25;96179,00457;97032,23825;95243,54319;95773,38419
18/02/25;95773,81624;9669,53784;93388,8322;95539,5436
19/02/25;95532,53215;96855,59722;95011,96908;96635,61321
20/02/25;96632,67919;98767,19374;96442,67072;9833,393783
21/02/25;98340,67004;99497,96677;94852,95862;96125,54405
22/02/25;96134,20191;96950,15938;95765,34039;96577,76155
23/02/25;96577,80308;96671,87429;95270,45281;96273,91975
24/02/25;96277,96379;96503,45443;91371,74071;91418,17367
25/02/25;91437,11401;92511,07974;86008,23491;88736,17344
26/02/25;8863,889346;89286,25192;82131,90136;8434,701972
27/02/25;84076,86191;87000,78102;83144,95905;84704,22458
28/02/25;84705,62848;85036,32223;78248,9161;84373,01033
01/03/25;84373,86437;86522,30235;83794,23249;86031,9124
02/03/25;86036,25755;9504,34352;8504,021116;94248,35053
03/03/25;94248,4215;94429,74782;85081,30493;86065,66833
04/03/25;86064,06666;88911,27408;81529,23983;87222,19221
05/03/25;8722,295487;90998,23954;86379,77304;90623,56184
06/03/25;90622,36116;92804,93983;87852,13848;8996,172724
07/03/25;89963,283;91191,04963;84717,67967;86742,67562
08/03/25;86742,65299;86847,26759;85247,48419;86154,59321
09/03/25;86154,30589;86471,13016;80052,48698;80601,04131
10/03/25;80597,14978;83955,92625;77420,59219;78532,00181
11/03/25;78523,87154;83577,75596;76624,25249;82862,20818
12/03/25;82857,37837;84358,57746;80635,24923;83722,36195
13/03/25;83724,9196;84301,69191;7993,185324;81066,70137
14/03/25;8106,699338;85263,28986;80797,56259;83969,09972
15/03/25;83968,40595;84672,67216;83639,59486;84343,10846
16/03/25;84333,32162;85051,59849;82017,90471;82579,69089
17/03/25;82576,33428;84725,32598;82492,15254;84075,6887
18/03/25;84075,71567;84075,71567;81179,99016;82718,50232
19/03/25;82718,80426;87021,18581;82569,72689;86854,22596
20/03/25;86872,9533;87443,26777;83647,19397;84167,1934
21/03/25;84164,54252;847,8227165;83171,06972;8404,324518
22/03/25;84046,25829;84513,87242;836,7478082;83832,48755
23/03/25;83831,90051;86094,78008;83794,91066;86054,37186
24/03/25;86070,92811;88758,72964;85541,1981;87498,91241
25/03/25;87512,81944;88542,39467;86346,0789;87471,70305
26/03/25;87460,23667;8829,21569;8586,145539;86900,88554
27/03/25;86896,25488;8778,67234;85837,9337;87177,10211
28/03/25;87185,23468;87489,86121;83557,64246;84353,15101
29/03/25;84352,07273;84567,33215;81634,14131;82597,58434
30/03/25;82596,98323;83505,00293;81573,24707;82334,5227
31/03/25;82336,05935;83870,12135;81293,88856;82548,91096
01/04/25;82551,91873;85487,36612;82429,36199;85169,16959
02/04/25;85180,61304;88466,95696;82343,53911;82485,70837
03/04/25;82487,47642;83909,29837;81282,09786;83102,82821
04/04/25;83100,24744;84696,14626;81670,74877;83843,80487
05/04/25;83844,69966;84207,01936;82377,73586;83504,80017
06/04/25;83504,50712;83704,71779;77097,7409;78214,48082
07/04/25;78221,33313;81119,06442;74436,6791;7923,533313
08/04/25;79218,47386;80823,88812;7619,802228;76271,95017
09/04/25;76273,5617;83541,00025;74589,67271;82573,95113
10/04/25;82565,97445;82700,93206;78456,13375;79626,14144
11/04/25;79625,04814;84247,47365;78936,32057;83404,83981
12/04/25;8340,451699;85856,18787;82769,37789;85287,11328
13/04/25;85279,47053;86015,18585;83027,00426;83684,97903
14/04/25;83694,52327;85784,99773;83690,63695;84542,39128
15/04/25;8453,969278;86429,34848;8359,881842;83668,98933
16/04/25;83674,51108;85428,28241;8310,061793;8403,386542
17/04/25;8403,067293;8544,906766;83749,75302;84895,75144
18/04/25;84900,19136;85095,04944;84298,8832;84450,80708
19/04/25;84450,87033;85597,70374;84353,45782;85063,41306
20/04/25;8506,606887;85306,38126;83976,84585;85174,30163
21/04/25;85171,54275;88460,09617;85143,83771;87518,90503
22/04/25;87521,87117;93817,38379;8708,452941;93441,89335
23/04/25;93427,58581;94535,73207;91962,95818;93699,11318
24/04/25;93692,39595;940,1619443;91696,71411;93943,79342
25/04/25;9395,424982;95768,39247;92898,59309;94720,49802
26/04/25;94714,64637;95251,35944;93927,25063;9464,692811
27/04/25;94660,90921;95301,20638;93665,39736;9375,484674
28/04/25;93755,30361;9559,849224;9286,080822;94978,7525
29/04/25;94981,86138;95485,41282;93796,63422;94284,79163
30/04/25;94286,46866;9524,931941;9297,963963;9420,73113
01/05/25;94212,86288;97437,96388;94153,63388;96492,33905
02/05/25;96494,96919;97905,90081;96375,94611;96910,06858
03/05/25;96904,63474;96943,88182;95821,29092;95891,79803
04/05/25;95877,18418;96318,91982;94173,43224;94315,97489
05/05/25;94319,56287;95193,1862;93566,26384;94748,05148
06/05/25;94748,38629;96889,17623;93399,85891;96802,47756
07/05/25;96800,1945;97625,80534;95829,33207;97032,31897
08/05/25;97034,24689;103969,5365;96913,8724;103241,4608
09/05/25;103239,1252;104297,4909;102343,0903;102970,8497
10/05/25;102973,7142;104961,7644;102830,4816;104696,3273
11/05/25;10470,10726;104937,9892;103364,7398;104106,3555
12/05/25;104106,9627;105747,4521;100814,4026;10281,29533
13/05/25;102812,4925;104997,4206;10151,50929;104169,8129
14/05/25;10416,73256;104303,5652;102618,2974;103539,4171
15/05/25;10353,88257;104153,6199;101440,8125;103744,6436
16/05/25;103735,6551;104533,4867;103137,4787;1034,892917
17/05/25;103489,2897;103716,949;102659,1771;103191,0855
18/05/25;103186,9556;106597,1681;103142,6046;106446,0106
19/05/25;106430,5327;107068,7224;102112,6855;105606,1815
20/05/25;105605,4091;107307,1139;104206,5158;106791,0897
21/05/25;106791,3124;110724,4642;106127,2346;109678,0763
22/05/25;109673,4919;111970,1681;109285,0724;111673,284
23/05/25;11167,93563;111798,9039;10684,13012;107287,7967
24/05/25;107278,507;109454,5212;106895,2911;107791,1575
25/05/25;107802,2721;109313,3015;10668,33725;109035,387
26/05/25;109023,7783;110376,8815;108735,6419;109440,3684
27/05/25;109440,4095;110744,2078;10760,95567;108994,6422
28/05/25;108992,1725;109298,2886;106812,9299;107802,3245
29/05/25;10779,55706;108910,0492;105374,3999;105641,7607
30/05/25;10564,62077;106308,9485;103685,7883;103998,5722
31/05/25;103994,7152;104927,1046;103136,1135;104638,0913
01/06/25;10463,72967;105884,5443;103826,9556;105652,0986
02/06/25;105649,8096;10595,83134;103727,5471;105881,5339
03/06/25;10588,84735;106813,579;104920,8441;105432,4701
04/06/25;105434,3683;105997,6923;104232,6999;104731,9833
05/06/25;104750,7801;105936,6902;100436,8859;101575,9523
06/06/25;101574,3671;1053,767734;101169,5724;104390,3469
07/06/25;10439,06448;105972,7541;103987,3118;105615,6263
08/06/25;105617,5094;1064,970598;105075,3305;105793,6502
09/06/25;105793,0212;110561,4198;105400,2309;110294,0991
10/06/25;110295,6877;110380,1214;108367,7134;110257,2377
11/06/25;110261,7963;110384,221;108086,3279;108686,6277
12/06/25;108685,9104;10878,06974;105785,6887;105929,0513
13/06/25;105924,5906;106182,546;102822,0258;106090,9664
14/06/25;106108,0852;106203,756;104379,3652;105472,4087
15/06/25;105464,8401;106157,0984;104519,8802;10555,2027
16/06/25;105555,5929;108915,3756;104997,6212;106796,7572
17/06/25;106794,1209;107750,1941;103396,528;104601,1168
18/06/25;104602,0686;105581,8531;103602,2618;104883,3269
19/06/25;104886,7743;105250,8923;103940,7752;104684,286
20/06/25;104681,033;106539,3839;102372,211;103309,6041
21/06/25;103315,0806;10401,57801;100973,0642;102257,4087
22/06/25;102212,0349;103351,6304;98286,20593;100987,1395
23/06/25;100987,4731;106116,8623;9970,5747;105577,772
24/06/25;105571,5178;106316,8286;104740,2421;106045,6321
25/06/25;106047,4032;108168,4003;105881,3894;10736,12608
26/06/25;107375,0706;10830,5543;106666,3498;106960,0033
27/06/25;106954,9233;107772,4715;106449,9941;107088,4302
28/06/25;107090,5489;107567,8816;106883,9733;107327,7032
29/06/25;107327,8224;108526,307;107230,1105;108385,5701
30/06/25;108383,4412;108798,7919;106759,6503;107135,3345
01/07/25;107144,3826;107550,6787;105270,2266;105698,2781
02/07/25;105703,0999;109763,6535;1051,573956;108859,3239
03/07/25;108845,0129;110541,4616;108605,7956;1096,479788
04/07/25;109635,6552;109751,9875;107296,38;108034,339
05/07/25;108015,8392;108381,3402;10784,22751;108231,182
06/07/25;108231,1838;109731,6259;107847,0172;109232,0697
07/07/25;109235,328;10971,02498;107527,0572;10829,98511
08/07/25;108298,229;109198,9716;107499,5565;108950,2755
09/07/25;108950,2755;111925,3769;108357,682;111326,5513
10/07/25;111329,196;116608,7847;11066,07495;11598,72062
11/07/25;115986,2348;118856,4737;115245,6863;117516,9937
12/07/25;117530,7129;118219,9;116977,0237;117435,2301
13/07/25;117432,2008;119449,5719;117265,4379;119116,1175
14/07/25;119115,7875;12309,16128;118959,1968;119849,7057
15/07/25;119853,8485;119935,5604;115765,6867;117777,189
16/07/25;117777,189;120065,5187;117064,8216;11873,8506
17/07/25;11873,8506;120999,6072;117508,216;119289,8422
18/07/25;119284,1118;120851,9178;116925,9812;118003,2245
19/07/25;117998,1274;118541,4017;117388,4107;117939,9787
20/07/25;117944,1092;118865,0341;116550,1361;117300,7857
21/07/25;117306,467;119671,5641;116584,4004;117439,5358
22/07/25;117426,4982;120269,9665;116233,2262;119995,4156
23/07/25;119997,4427;120113,3505;117391,3908;118754,9572
24/07/25;118770,9815;119535,4547;117247,9722;118368,0032
25/07/25;118368,0032;118486,9789;114759,8232;117635,8811
26/07/25;117644,8441;118335,6855;117181,2278;117947,3662
27/07/25;117944,7297;119815,5973;117859,687;119448,4903
28/07/25;119457,522;119819,7899;117441,4375;117924,473
29/07/25;117938,5844;119273,8701;116987,3709;117922,1478
30/07/25;11792,19941;118780,7267;115800,8268;117831,1914
31/07/25;117833,6296;118919,9847;115505,2223;115758,2039
01/08/25;115738,9552;116060,7726;112724,443;113320,086
02/08/25;113320,3944;114021,6051;112005,7691;112526,9146
03/08/25;112525,8033;114747,4234;111943,8044;114217,673
04/08/25;114223,9233;115729,472;114130,4032;115071,8843
05/08/25;115072,1846;11511,74359;112701,1104;114141,4417
06/08/25;114140,9136;115737,8332;113372,249;115027,9964
07/08/25;11503,00522;117676,9055;114279,712;117496,8974
08/08/25;117505,4974;117689,2015;115917,4581;116688,7254
09/08/25;116678,2757;117906,6118;116363,8352;116500,3621
10/08/25;116497,7166;119320,7141;116485,166;119306,7614
11/08/25;119306,8108;122321,0974;11815,90285;118731,447
12/08/25;118717,6624;120302,4707;118228,7222;120172,9071
13/08/25;12016,89777;123682,4534;118939,6313;123344,0598
14/08/25;123339,3954;124457,1169;117254,8826;118359,5806
15/08/25;118365,7844;119332,3118;116864,5735;117398,348
16/08/25;1173,984231;117996,0633;117271,9524;117491,3484
17/08/25;117492,7886;118595,7763;117279,521;117453,0627
18/08/25;117453,9064;117614,1712;114723,6824;116252,3119